<bpy>
  <Theme>
    <user_interface>
      <ThemeUserInterface menu_shadow_fac="0.5"
                          menu_shadow_width="12"
                          icon_file=""
                          icon_alpha="1"
                          axis_x="#dc0000"
                          axis_y="#00dc00"
                          axis_z="#0000dc">
        <wcol_regular>
          <ThemeWidgetColors outline="#151719"
                             inner="#3b3b3bff"
                             inner_sel="#ab6c00ff"
                             item="#cbc3bbff"
                             text="#e5e5e5"
                             text_sel="#ffffff"
                             show_shaded="TRUE"
                             shadetop="25"
                             shadedown="-5">
          </ThemeWidgetColors>
        </wcol_regular>
        <wcol_tool>
          <ThemeWidgetColors outline="#151719"
                             inner="#3b3b3bff"
                             inner_sel="#ffa000ff"
                             item="#cbc3bbff"
                             text="#e5e5e5"
                             text_sel="#000000"
                             show_shaded="TRUE"
                             shadetop="25"
                             shadedown="-5">
          </ThemeWidgetColors>
        </wcol_tool>
        <wcol_radio>
          <ThemeWidgetColors outline="#141719"
                             inner="#3b3b3bff"
                             inner_sel="#ab6c00ff"
                             item="#ffffffff"
                             text="#e5e5e5"
                             text_sel="#ffffff"
                             show_shaded="TRUE"
                             shadetop="10"
                             shadedown="0">
          </ThemeWidgetColors>
        </wcol_radio>
        <wcol_text>
          <ThemeWidgetColors outline="#141719"
                             inner="#626262ff"
                             inner_sel="#ab6c00ff"
                             item="#3b3b3bff"
                             text="#e5e5e5"
                             text_sel="#ffffff"
                             show_shaded="TRUE"
                             shadetop="-20"
                             shadedown="5">
          </ThemeWidgetColors>
        </wcol_text>
        <wcol_option>
          <ThemeWidgetColors outline="#0d0d0d"
                             inner="#626262ff"
                             inner_sel="#b87400ff"
                             item="#fff8ecff"
                             text="#e5e5e5"
                             text_sel="#ffffff"
                             show_shaded="TRUE"
                             shadetop="15"
                             shadedown="-5">
          </ThemeWidgetColors>
        </wcol_option>
        <wcol_toggle>
          <ThemeWidgetColors outline="#212121"
                             inner="#3b3b3bff"
                             inner_sel="#b87400ff"
                             item="#cbc3bbff"
                             text="#e5e5e5"
                             text_sel="#ffffff"
                             show_shaded="TRUE"
                             shadetop="20"
                             shadedown="-10">
          </ThemeWidgetColors>
        </wcol_toggle>
        <wcol_num>
          <ThemeWidgetColors outline="#141719"
                             inner="#3b3b3bff"
                             inner_sel="#ffa000ff"
                             item="#ffa000ff"
                             text="#e5e5e5"
                             text_sel="#3b3b3b"
                             show_shaded="TRUE"
                             shadetop="20"
                             shadedown="-5">
          </ThemeWidgetColors>
        </wcol_num>
        <wcol_numslider>
          <ThemeWidgetColors outline="#0d0d0d"
                             inner="#2e2e2eff"
                             inner_sel="#3b3b3bff"
                             item="#9e6400ff"
                             text="#e5e5e5"
                             text_sel="#ffffff"
                             show_shaded="TRUE"
                             shadetop="-22"
                             shadedown="10">
          </ThemeWidgetColors>
        </wcol_numslider>
        <wcol_box>
          <ThemeWidgetColors outline="#ab6c00"
                             inner="#141414ff"
                             inner_sel="#717171ff"
                             item="#212121ff"
                             text="#e5e5e5"
                             text_sel="#fffefc"
                             show_shaded="TRUE"
                             shadetop="15"
                             shadedown="25">
          </ThemeWidgetColors>
        </wcol_box>
        <wcol_menu>
          <ThemeWidgetColors outline="#141719"
                             inner="#2e2e2eff"
                             inner_sel="#212121ff"
                             item="#ffffffff"
                             text="#e5e5e5"
                             text_sel="#ffffff"
                             show_shaded="TRUE"
                             shadetop="25"
                             shadedown="-5">
          </ThemeWidgetColors>
        </wcol_menu>
        <wcol_pulldown>
          <ThemeWidgetColors outline="#212121"
                             inner="#212121ff"
                             inner_sel="#ffa000ff"
                             item="#ffffffff"
                             text="#e5e5e5"
                             text_sel="#3b3b3b"
                             show_shaded="TRUE"
                             shadetop="25"
                             shadedown="-20">
          </ThemeWidgetColors>
        </wcol_pulldown>
        <wcol_menu_back>
          <ThemeWidgetColors outline="#0d0d0d"
                             inner="#3b3b3bff"
                             inner_sel="#212121e6"
                             item="#ab6c00ff"
                             text="#e5e5e5"
                             text_sel="#ffffff"
                             show_shaded="TRUE"
                             shadetop="16"
                             shadedown="-20">
          </ThemeWidgetColors>
        </wcol_menu_back>
        <wcol_tooltip>
          <ThemeWidgetColors outline="#2e2e2e"
                             inner="#212121b3"
                             inner_sel="#2d2d2db3"
                             item="#646464ff"
                             text="#e5e5e5"
                             text_sel="#ffa000"
                             show_shaded="TRUE"
                             shadetop="10"
                             shadedown="-20">
          </ThemeWidgetColors>
        </wcol_tooltip>
        <wcol_menu_item>
          <ThemeWidgetColors outline="#0d0d0d"
                             inner="#00000000"
                             inner_sel="#ab6c00ff"
                             item="#ffffffff"
                             text="#e5e5e5"
                             text_sel="#ffffff"
                             show_shaded="FALSE"
                             shadetop="38"
                             shadedown="0">
          </ThemeWidgetColors>
        </wcol_menu_item>
        <wcol_scroll>
          <ThemeWidgetColors outline="#212121"
                             inner="#212121b4"
                             inner_sel="#3b3b3bb3"
                             item="#2e2e2eff"
                             text="#e5e5e5"
                             text_sel="#ffffff"
                             show_shaded="TRUE"
                             shadetop="15"
                             shadedown="-5">
          </ThemeWidgetColors>
        </wcol_scroll>
        <wcol_progress>
          <ThemeWidgetColors outline="#000000"
                             inner="#00000000"
                             inner_sel="#00000000"
                             item="#00000000"
                             text="#e5e5e5"
                             text_sel="#ffffff"
                             show_shaded="FALSE"
                             shadetop="0"
                             shadedown="0">
          </ThemeWidgetColors>
        </wcol_progress>
        <wcol_list_item>
          <ThemeWidgetColors outline="#0d0d0d"
                             inner="#00000000"
                             inner_sel="#ab6c00ff"
                             item="#cbc3bbff"
                             text="#e5e5e5"
                             text_sel="#ffffff"
                             show_shaded="FALSE"
                             shadetop="0"
                             shadedown="1">
          </ThemeWidgetColors>
        </wcol_list_item>
        <wcol_state>
          <ThemeWidgetStateColors inner_anim="#40e200"
                                  inner_anim_sel="#308d00"
                                  inner_key="#f2f233"
                                  inner_key_sel="#b1b124"
                                  inner_driven="#862074"
                                  inner_driven_sel="#862074"
                                  blend="0.1">
          </ThemeWidgetStateColors>
        </wcol_state>
      </ThemeUserInterface>
    </user_interface>
    <view_3d>
      <ThemeView3D grid="#6f6f6f"
                   wire="#a7a7a7"
                   lamp="#e1c367ff"
                   speaker="#e1c367"
                   camera="#e1c367"
                   empty="#c1c445"
                   object_selected="#ff5d00"
                   object_active="#ec9403"
                   object_grouped="#23e723"
                   object_grouped_active="#0aff00"
                   transform="#ffffff"
                   vertex="#ffffff"
                   vertex_select="#ff9d00"
                   vertex_size="3"
                   vertex_unreferenced="#000000"
                   edge_select="#ff9d00"
                   edge_seam="#ff0500"
                   edge_sharp="#009bff"
                   edge_crease="#ff0085"
                   edge_facesel="#4b4b4b"
                   freestyle_edge_mark="#7fff7f"
                   face="#b6b6b612"
                   face_select="#ff79223c"
                   face_dot="#f47421"
                   facedot_size="4"
                   freestyle_face_mark="#7fff7f33"
                   nurb_uline="#909000"
                   nurb_vline="#862074"
                   nurb_sel_uline="#f0ff40"
                   nurb_sel_vline="#d15d85"
                   act_spline="#ee4000"
                   handle_free="#a5ca00"
                   handle_auto="#00c59a"
                   handle_vect="#409030"
                   handle_align="#93237f"
                   handle_sel_free="#f47421"
                   handle_sel_auto="#f47421"
                   handle_sel_vect="#82c036"
                   handle_sel_align="#f47421"
                   lastsel_point="#ffffff"
                   extra_edge_len="#200000"
                   extra_face_angle="#002000"
                   extra_face_area="#0059ee"
                   editmesh_active="#ffffff80"
                   normal="#19b6ee"
                   vertex_normal="#19b6ee"
                   bone_solid="#c8c8c8"
                   bone_pose="#50c8ff"
                   bone_pose_active="#8cffff"
                   frame_current="#60c040"
                   outline_width="1"
                   bundle_solid="#c8c8c8"
                   camera_path="#7dbd00"
                   skin_root="#000000">
        <space>
          <ThemeSpaceGradient title="#9c9c9c"
                              text="#b8b8b8"
                              text_hi="#ffffff"
                              header="#2d2d2d"
                              header_text="#cbcbcb"
                              header_text_hi="#3b3b3b"
                              button="#3b3b3bff"
                              button_title="#9c9c9c"
                              button_text="#9c9c9c"
                              button_text_hi="#151515">
            <panelcolors>
              <ThemePanelColors header="#00000033"
                                back="#72727280"
                                show_header="TRUE"
                                show_back="FALSE">
              </ThemePanelColors>
            </panelcolors>
            <gradients>
              <ThemeGradientColors show_grad="TRUE"
                                   gradient="#363636"
                                   high_gradient="#6f6f6f">
              </ThemeGradientColors>
            </gradients>
          </ThemeSpaceGradient>
        </space>
      </ThemeView3D>
    </view_3d>
    <graph_editor>
      <ThemeGraphEditor grid="#6f6f6f"
                        window_sliders="#a2a19b"
                        channels_region="#3c3c3c"
                        vertex="#1b1d00"
                        vertex_select="#f49b0c"
                        vertex_size="6"
                        vertex_unreferenced="#000000"
                        handle_free="#000000"
                        handle_auto="#777700"
                        handle_vect="#409030"
                        handle_align="#520044"
                        handle_sel_free="#000000"
                        handle_sel_auto="#f4e840"
                        handle_sel_vect="#40c030"
                        handle_sel_align="#f47fa5"
                        handle_auto_clamped="#aa3928"
                        handle_sel_auto_clamped="#f4b8af"
                        lastsel_point="#fafafa"
                        frame_current="#317700"
                        handle_vertex="#000000"
                        handle_vertex_select="#f49600"
                        handle_vertex_size="5"
                        channel_group="#4f6549"
                        active_channels_group="#87b17d"
                        dopesheet_channel="#4e596e"
                        dopesheet_subchannel="#7c8996">
        <space>
          <ThemeSpaceGeneric back="#555555"
                             title="#9c9c9c"
                             text="#e5e5e5"
                             text_hi="#ffffff"
                             header="#2d2d2d"
                             header_text="#acacac"
                             header_text_hi="#ffffff"
                             button="#3b3b3bff"
                             button_title="#9c9c9c"
                             button_text="#9c9c9c"
                             button_text_hi="#ffffff">
            <panelcolors>
              <ThemePanelColors header="#00000000"
                                back="#72727280"
                                show_header="TRUE"
                                show_back="FALSE">
              </ThemePanelColors>
            </panelcolors>
          </ThemeSpaceGeneric>
        </space>
        <space_list>
          <ThemeSpaceListGeneric list="#3b3b3b"
                                 list_title="#ffffff"
                                 list_text="#e5e5e5"
                                 list_text_hi="#e5e5e5">
          </ThemeSpaceListGeneric>
        </space_list>
      </ThemeGraphEditor>
    </graph_editor>
    <file_browser>
      <ThemeFileBrowser selected_file="#c47b02"
                        scrollbar="#868686"
                        scroll_handle="#7f7070"
                        active_file="#eeedeb"
                        active_file_text="#ffffff">
        <space>
          <ThemeSpaceGeneric back="#555555"
                             title="#000000"
                             text="#fffffe"
                             text_hi="#0f0f0f"
                             header="#2d2d2d"
                             header_text="#a4a4a4"
                             header_text_hi="#ffffff"
                             button="#3b3b3bff"
                             button_title="#000000"
                             button_text="#000000"
                             button_text_hi="#ffffff">
            <panelcolors>
              <ThemePanelColors header="#00000000"
                                back="#72727280"
                                show_header="TRUE"
                                show_back="FALSE">
              </ThemePanelColors>
            </panelcolors>
          </ThemeSpaceGeneric>
        </space>
        <space_list>
          <ThemeSpaceListGeneric list="#3b3b3b"
                                 list_title="#e5e5e5"
                                 list_text="#e5e5e5"
                                 list_text_hi="#ffffff">
          </ThemeSpaceListGeneric>
        </space_list>
      </ThemeFileBrowser>
    </file_browser>
    <nla_editor>
      <ThemeNLAEditor grid="#6f6f6f"
                      view_sliders="#969696"
                      active_action="#3b3b3b00"
                      active_action_unset="#00000000"
                      strips="#000000"
                      strips_selected="#c27902"
                      transition_strips="#000000"
                      transition_strips_selected="#000000"
                      meta_strips="#000000"
                      meta_strips_selected="#000000"
                      sound_strips="#000000"
                      sound_strips_selected="#000000"
                      tweak="#26f500"
                      tweak_duplicate="#000000"
                      frame_current="#317700">
        <space>
          <ThemeSpaceGeneric back="#555555"
                             title="#000000"
                             text="#e5e5e5"
                             text_hi="#ffffff"
                             header="#2d2d2d"
                             header_text="#acacac"
                             header_text_hi="#ffffff"
                             button="#2e2e2eff"
                             button_title="#9c9c9c"
                             button_text="#000000"
                             button_text_hi="#ffffff">
            <panelcolors>
              <ThemePanelColors header="#00000000"
                                back="#72727280"
                                show_header="TRUE"
                                show_back="FALSE">
              </ThemePanelColors>
            </panelcolors>
          </ThemeSpaceGeneric>
        </space>
        <space_list>
          <ThemeSpaceListGeneric list="#3b3b3b"
                                 list_title="#e5e5e5"
                                 list_text="#e5e5e5"
                                 list_text_hi="#ffffff">
          </ThemeSpaceListGeneric>
        </space_list>
      </ThemeNLAEditor>
    </nla_editor>
    <dopesheet_editor>
      <ThemeDopeSheet grid="#6f6f6f"
                      value_sliders="#000000"
                      view_sliders="#9c9c9c"
                      channels="#9c9c9c"
                      channels_selected="#14a700"
                      channel_group="#4f6549"
                      active_channels_group="#77b147"
                      long_key="#ffffff"
                      long_key_selected="#ffa110"
                      frame_current="#317700"
                      dopesheet_channel="#0c092f"
                      dopesheet_subchannel="#2e2e2e"
                      summary="#6d470499">
        <space>
          <ThemeSpaceGeneric back="#555555"
                             title="#9c9c9c"
                             text="#e7e7e7"
                             text_hi="#ffffff"
                             header="#2d2d2d"
                             header_text="#cacaca"
                             header_text_hi="#ffffff"
                             button="#3b3b3bff"
                             button_title="#9c9c9c"
                             button_text="#9c9c9c"
                             button_text_hi="#ffffff">
            <panelcolors>
              <ThemePanelColors header="#00000000"
                                back="#72727280"
                                show_header="TRUE"
                                show_back="FALSE">
              </ThemePanelColors>
            </panelcolors>
          </ThemeSpaceGeneric>
        </space>
        <space_list>
          <ThemeSpaceListGeneric list="#3b3b3b"
                                 list_title="#ffffff"
                                 list_text="#e2e2e2"
                                 list_text_hi="#e2e2e2">
          </ThemeSpaceListGeneric>
        </space_list>
      </ThemeDopeSheet>
    </dopesheet_editor>
    <image_editor>
      <ThemeImageEditor vertex="#000000"
                        vertex_select="#f47421"
                        vertex_size="3"
                        vertex_unreferenced="#000000"
                        face="#ffffff0a"
                        face_select="#ff85003c"
                        face_dot="#f47421"
                        facedot_size="3"
                        freestyle_face_mark="#00000000"
                        editmesh_active="#ffffff80"
                        scope_back="#2d2d2dff"
                        preview_stitch_face="#1242b026"
                        preview_stitch_edge="#ff8500b2"
                        preview_stitch_vert="#ff85007f"
                        preview_stitch_stitchable="#00ff00ff"
                        preview_stitch_unstitchable="#ff0000ff"
                        preview_stitch_active="#e1d2c323">
        <space>
          <ThemeSpaceGeneric back="#3b3b3b"
                             title="#000000"
                             text="#e5e5e5"
                             text_hi="#ffffff"
                             header="#2d2d2d"
                             header_text="#acacac"
                             header_text_hi="#ffffff"
                             button="#2d2d2dff"
                             button_title="#9c9c9c"
                             button_text="#b9b9b9"
                             button_text_hi="#ffffff">
            <panelcolors>
              <ThemePanelColors header="#00000000"
                                back="#72727280"
                                show_header="TRUE"
                                show_back="FALSE">
              </ThemePanelColors>
            </panelcolors>
          </ThemeSpaceGeneric>
        </space>
      </ThemeImageEditor>
    </image_editor>
    <sequence_editor>
      <ThemeSequenceEditor grid="#6f6f6f"
                           window_sliders="#a0a0a0"
                           movie_strip="#516987"
                           movieclip_strip="#20208f"
                           image_strip="#6d5881"
                           scene_strip="#4e983e"
                           audio_strip="#2e8f8f"
                           effect_strip="#a9547c"
                           transition_strip="#a25f6f"
                           meta_strip="#6d9183"
                           frame_current="#317700"
                           keyframe="#ff4e00"
                           draw_action="#50c8ff"
                           preview_back="#000000">
        <space>
          <ThemeSpaceGeneric back="#555555"
                             title="#acacac"
                             text="#e5e5e5"
                             text_hi="#ffffff"
                             header="#2d2d2d"
                             header_text="#acacac"
                             header_text_hi="#ffffff"
                             button="#3b3b3bff"
                             button_title="#9c9c9c"
                             button_text="#acacac"
                             button_text_hi="#ffffff">
            <panelcolors>
              <ThemePanelColors header="#00000000"
                                back="#72727280"
                                show_header="TRUE"
                                show_back="FALSE">
              </ThemePanelColors>
            </panelcolors>
          </ThemeSpaceGeneric>
        </space>
      </ThemeSequenceEditor>
    </sequence_editor>
    <properties>
      <ThemeProperties>
        <space>
          <ThemeSpaceGeneric back="#3b3b3b"
                             title="#acacac"
                             text="#e5e5e5"
                             text_hi="#ffffff"
                             header="#2d2d2d"
                             header_text="#acacac"
                             header_text_hi="#ffffff"
                             button="#3b3b3bff"
                             button_title="#9c9c9c"
                             button_text="#000000"
                             button_text_hi="#ffffff">
            <panelcolors>
              <ThemePanelColors header="#00000000"
                                back="#72727280"
                                show_header="TRUE"
                                show_back="FALSE">
              </ThemePanelColors>
            </panelcolors>
          </ThemeSpaceGeneric>
        </space>
      </ThemeProperties>
    </properties>
    <text_editor>
      <ThemeTextEditor line_numbers_background="#8f8f8f"
                       selected_text="#7d7d7d"
                       cursor="#ffffff"
                       syntax_builtin="#e500a7"
                       syntax_symbols="#5b5b5b"
                       syntax_special="#77a500"
                       syntax_preprocessor="#0008ff"
                       syntax_reserved="#723100"
                       syntax_comment="#1c9d38"
                       syntax_string="#ff0002"
                       syntax_numbers="#204bb1">
        <space>
          <ThemeSpaceGeneric back="#cfcfcf"
                             title="#000000"
                             text="#000000"
                             text_hi="#ffffff"
                             header="#2d2d2d"
                             header_text="#acacac"
                             header_text_hi="#ffffff"
                             button="#2e2e2eff"
                             button_title="#9c9c9c"
                             button_text="#95948f"
                             button_text_hi="#ffffff">
            <panelcolors>
              <ThemePanelColors header="#00000000"
                                back="#72727280"
                                show_header="TRUE"
                                show_back="FALSE">
              </ThemePanelColors>
            </panelcolors>
          </ThemeSpaceGeneric>
        </space>
      </ThemeTextEditor>
    </text_editor>
    <timeline>
      <ThemeTimeline grid="#6f6f6f"
                     frame_current="#00ff00">
        <space>
          <ThemeSpaceGeneric back="#555555"
                             title="#000000"
                             text="#e5e5e5"
                             text_hi="#ffffff"
                             header="#2d2d2d"
                             header_text="#acacac"
                             header_text_hi="#ffffff"
                             button="#3b3b3bff"
                             button_title="#9c9c9c"
                             button_text="#9c9c9c"
                             button_text_hi="#ffffff">
            <panelcolors>
              <ThemePanelColors header="#00000000"
                                back="#72727280"
                                show_header="TRUE"
                                show_back="FALSE">
              </ThemePanelColors>
            </panelcolors>
          </ThemeSpaceGeneric>
        </space>
      </ThemeTimeline>
    </timeline>
    <node_editor>
      <ThemeNodeEditor node_selected="#de8b02"
                       node_active="#de8b02"
                       wire="#ffffff"
                       wire_select="#ffffff"
                       selected_text="#7f7070"
                       node_backdrop="#1a1a1ad1"
                       in_out_node="#080808"
                       converter_node="#000049"
                       operator_node="#40007d"
                       group_node="#0fcb00"
                       frame_node="#0c0c0cb3"
                       matte_node="#977474"
                       distor_node="#749797"
                       noodle_curving="0">
        <space>
          <ThemeSpaceGeneric back="#212121"
                             title="#000000"
                             text="#e5e5e5"
                             text_hi="#cbcbcb"
                             header="#2d2d2d"
                             header_text="#acacac"
                             header_text_hi="#ffffff"
                             button="#3b3b3b2f"
                             button_title="#9c9c9c"
                             button_text="#acacac"
                             button_text_hi="#ffffff">
            <panelcolors>
              <ThemePanelColors header="#00000000"
                                back="#72727280"
                                show_header="TRUE"
                                show_back="FALSE">
              </ThemePanelColors>
            </panelcolors>
          </ThemeSpaceGeneric>
        </space>
        <space_list>
          <ThemeSpaceListGeneric list="#3b3b3b"
                                 list_title="#e5e5e5"
                                 list_text="#e5e5e5"
                                 list_text_hi="#ffffff">
          </ThemeSpaceListGeneric>
        </space_list>
      </ThemeNodeEditor>
    </node_editor>
    <logic_editor>
      <ThemeLogicEditor>
        <space>
          <ThemeSpaceGeneric back="#555555"
                             title="#000000"
                             text="#e5e5e5"
                             text_hi="#ffffff"
                             header="#2d2d2d"
                             header_text="#acacac"
                             header_text_hi="#ffffff"
                             button="#3b3b3bff"
                             button_title="#9c9c9c"
                             button_text="#acacac"
                             button_text_hi="#ffffff">
            <panelcolors>
              <ThemePanelColors header="#00000000"
                                back="#72727280"
                                show_header="TRUE"
                                show_back="FALSE">
              </ThemePanelColors>
            </panelcolors>
          </ThemeSpaceGeneric>
        </space>
      </ThemeLogicEditor>
    </logic_editor>
    <outliner>
      <ThemeOutliner match="#6aa87b"
                     selected_highlight="#ae6f04">
        <space>
          <ThemeSpaceGeneric back="#626262"
                             title="#000000"
                             text="#e5e5e5"
                             text_hi="#ffa206"
                             header="#2d2d2d"
                             header_text="#acacac"
                             header_text_hi="#ffffff"
                             button="#2e2e2eff"
                             button_title="#9c9c9c"
                             button_text="#000000"
                             button_text_hi="#ae6f04">
            <panelcolors>
              <ThemePanelColors header="#00000000"
                                back="#72727280"
                                show_header="TRUE"
                                show_back="FALSE">
              </ThemePanelColors>
            </panelcolors>
          </ThemeSpaceGeneric>
        </space>
      </ThemeOutliner>
    </outliner>
    <info>
      <ThemeInfo>
        <space>
          <ThemeSpaceGeneric back="#3b3b3b"
                             title="#eeedeb"
                             text="#e5e5e5"
                             text_hi="#ffffff"
                             header="#474747"
                             header_text="#ff9f02"
                             header_text_hi="#ffffff"
                             button="#3b3b3bff"
                             button_title="#9c9c9c"
                             button_text="#eeedeb"
                             button_text_hi="#ffffff">
            <panelcolors>
              <ThemePanelColors header="#00000000"
                                back="#72727280"
                                show_header="TRUE"
                                show_back="FALSE">
              </ThemePanelColors>
            </panelcolors>
          </ThemeSpaceGeneric>
        </space>
      </ThemeInfo>
    </info>
    <user_preferences>
      <ThemeUserPreferences>
        <space>
          <ThemeSpaceGeneric back="#3b3b3b"
                             title="#000000"
                             text="#e5e5e5"
                             text_hi="#ffffff"
                             header="#2d2d2d"
                             header_text="#e5e5e5"
                             header_text_hi="#ffffff"
                             button="#2e2e2eff"
                             button_title="#9c9c9c"
                             button_text="#000000"
                             button_text_hi="#ffffff">
            <panelcolors>
              <ThemePanelColors header="#00000000"
                                back="#72727280"
                                show_header="TRUE"
                                show_back="FALSE">
              </ThemePanelColors>
            </panelcolors>
          </ThemeSpaceGeneric>
        </space>
      </ThemeUserPreferences>
    </user_preferences>
    <console>
      <ThemeConsole line_output="#d58804"
                    line_input="#ffffff"
                    line_info="#00ff00"
                    line_error="#ff0000"
                    cursor="#ffffff"
                    select="#aa6b0280">
        <space>
          <ThemeSpaceGeneric back="#141414"
                             title="#000000"
                             text="#e5e5e5"
                             text_hi="#ffffff"
                             header="#2d2d2d"
                             header_text="#acacac"
                             header_text_hi="#ffffff"
                             button="#3c3b37ff"
                             button_title="#000000"
                             button_text="#000000"
                             button_text_hi="#ffffff">
            <panelcolors>
              <ThemePanelColors header="#00000000"
                                back="#72727280"
                                show_header="TRUE"
                                show_back="FALSE">
              </ThemePanelColors>
            </panelcolors>
          </ThemeSpaceGeneric>
        </space>
      </ThemeConsole>
    </console>
    <clip_editor>
      <ThemeClipEditor marker_outline="#000000"
                       marker="#28ff00"
                       active_marker="#ffffff"
                       selected_marker="#d5ff00"
                       disabled_marker="#7f0000"
                       locked_marker="#7f7f7f"
                       path_before="#ff0006"
                       path_after="#0011ee"
                       grid="#6f6f6f"
                       frame_current="#317700"
                       handle_vertex="#000000"
                       handle_vertex_select="#ffff00"
                       handle_vertex_size="4"
                       strips="#0c0a0a"
                       strips_selected="#ff8c00">
        <space>
          <ThemeSpaceGeneric back="#555555"
                             title="#9c9c9c"
                             text="#9c9c9c"
                             text_hi="#ffffff"
                             header="#2d2d2d"
                             header_text="#9c9c9c"
                             header_text_hi="#ffffff"
                             button="#3b3b3bff"
                             button_title="#9c9c9c"
                             button_text="#ffffff"
                             button_text_hi="#ffffff">
            <panelcolors>
              <ThemePanelColors header="#00000000"
                                back="#72727280"
                                show_header="TRUE"
                                show_back="FALSE">
              </ThemePanelColors>
            </panelcolors>
          </ThemeSpaceGeneric>
        </space>
        <space_list>
          <ThemeSpaceListGeneric list="#3b3b3b"
                                 list_title="#000000"
                                 list_text="#e5e5e5"
                                 list_text_hi="#ffffff">
          </ThemeSpaceListGeneric>
        </space_list>
      </ThemeClipEditor>
    </clip_editor>
    <bone_color_sets>
      <ThemeBoneColorSet normal="#9a2400"
                         select="#bd3000"
                         active="#f74700"
                         show_colored_constraints="FALSE">
      </ThemeBoneColorSet>
      <ThemeBoneColorSet normal="#ff5d06"
                         select="#ff7b20"
                         active="#ff9248"
                         show_colored_constraints="FALSE">
      </ThemeBoneColorSet>
      <ThemeBoneColorSet normal="#7f9103"
                         select="#a8b700"
                         active="#c9ef1d"
                         show_colored_constraints="FALSE">
      </ThemeBoneColorSet>
      <ThemeBoneColorSet normal="#19a3d5"
                         select="#00d9ee"
                         active="#95f5ff"
                         show_colored_constraints="FALSE">
      </ThemeBoneColorSet>
      <ThemeBoneColorSet normal="#a9294e"
                         select="#c1416a"
                         active="#f05d91"
                         show_colored_constraints="TRUE">
      </ThemeBoneColorSet>
      <ThemeBoneColorSet normal="#430c78"
                         select="#543aa3"
                         active="#8764d5"
                         show_colored_constraints="FALSE">
      </ThemeBoneColorSet>
      <ThemeBoneColorSet normal="#24785a"
                         select="#3c9579"
                         active="#6fb6ab"
                         show_colored_constraints="FALSE">
      </ThemeBoneColorSet>
      <ThemeBoneColorSet normal="#4b707c"
                         select="#6a8691"
                         active="#9bc2cd"
                         show_colored_constraints="FALSE">
      </ThemeBoneColorSet>
      <ThemeBoneColorSet normal="#f4c90c"
                         select="#eec236"
                         active="#f3ff00"
                         show_colored_constraints="FALSE">
      </ThemeBoneColorSet>
      <ThemeBoneColorSet normal="#1e2024"
                         select="#484c56"
                         active="#ffffff"
                         show_colored_constraints="FALSE">
      </ThemeBoneColorSet>
      <ThemeBoneColorSet normal="#6f2f6a"
                         select="#9845be"
                         active="#d330d6"
                         show_colored_constraints="FALSE">
      </ThemeBoneColorSet>
      <ThemeBoneColorSet normal="#6c8e22"
                         select="#7fb022"
                         active="#bbef5b"
                         show_colored_constraints="FALSE">
      </ThemeBoneColorSet>
      <ThemeBoneColorSet normal="#8d8d8d"
                         select="#b0b0b0"
                         active="#dedede"
                         show_colored_constraints="FALSE">
      </ThemeBoneColorSet>
      <ThemeBoneColorSet normal="#834326"
                         select="#8b5811"
                         active="#bd6a11"
                         show_colored_constraints="FALSE">
      </ThemeBoneColorSet>
      <ThemeBoneColorSet normal="#08310e"
                         select="#1c430b"
                         active="#34622b"
                         show_colored_constraints="FALSE">
      </ThemeBoneColorSet>
      <ThemeBoneColorSet normal="#000000"
                         select="#000000"
                         active="#000000"
                         show_colored_constraints="FALSE">
      </ThemeBoneColorSet>
      <ThemeBoneColorSet normal="#000000"
                         select="#000000"
                         active="#000000"
                         show_colored_constraints="FALSE">
      </ThemeBoneColorSet>
      <ThemeBoneColorSet normal="#000000"
                         select="#000000"
                         active="#000000"
                         show_colored_constraints="FALSE">
      </ThemeBoneColorSet>
      <ThemeBoneColorSet normal="#000000"
                         select="#000000"
                         active="#000000"
                         show_colored_constraints="FALSE">
      </ThemeBoneColorSet>
      <ThemeBoneColorSet normal="#000000"
                         select="#000000"
                         active="#000000"
                         show_colored_constraints="FALSE">
      </ThemeBoneColorSet>
    </bone_color_sets>
  </Theme>
</bpy>
